family,dv,outcome_label,n_complete,f_condition,df_num,df_den,p_condition,q_condition_bh,partial_eta2,chi2_condition_mixed,p_condition_mixed,q_condition_mixed,f_condition_rm_anova,p_condition_rm_anova,candidate_nominal_significant,current_mixed_nominal_significant,nominal_decision_unchanged,candidate_fdr_significant,current_mixed_fdr_significant,fdr_decision_unchanged,interpretation_unchanged_at_both_thresholds
PLV,PLV,PLV,39,6.609854192141301,2,75,0.0022703180790008275,0.0022703180790008275,0.14984983090964119,12.6627,0.0018,0.0018,,,True,True,True,True,True,True,True
ASC,asc_avg_EU,Experience of Unity,39,8.577714488187212,2,75,0.0004418376162136544,0.0016200712594500663,0.186157551073551,16.067101710401857,0.0003243942842917,0.0011894457090696,8.769080128627571,0.000374404622923,True,True,True,True,True,True,True
ASC,asc_avg_SE,Spiritual Experience,39,5.338289129985896,2,75,0.006799361403856304,0.014958595088483868,0.12461490032404694,10.381127226352646,0.0055688672432956,0.0122515079352503,5.26832287479767,0.0071996987046428,True,True,True,True,True,True,True
ASC,asc_avg_BS,Blissful State,39,0.5971200190930314,2,75,0.552989724313648,0.6082886967450128,0.015673626216201494,1.2322249847879905,0.5400397708605889,0.5940437479466477,0.6195105693594242,0.5409032346649357,False,False,True,False,False,True,True
ASC,asc_avg_IS,Insightfulness,39,1.6372763104075825,2,75,0.20138406323397648,0.24613607728597126,0.041834191460385035,3.333286178038861,0.188880056132396,0.2308534019395951,1.659125575730369,0.1971231193615967,False,False,True,False,False,True,True
ASC,asc_avg_DIS,Disembodiment,39,5.1063793950192595,2,75,0.008334391628654608,0.01527971798586678,0.11985011323483172,9.957718683087135,0.0068819079887105,0.012616831312636,5.063723524176057,0.0086205839491464,True,True,True,True,True,True,True
ASC,asc_avg_ICC,Impaired Control and Cognition,39,3.2337476061970656,2,75,0.04496594615822101,0.0706607725343473,0.07938743170552509,6.451847626622339,0.0397190716151913,0.0624156839667293,3.363686698515248,0.0398332325710023,True,True,True,False,False,True,True
ASC,asc_avg_ANX,Anxiety,39,2.661115233934537,2,75,0.07646388874423525,0.10513784702332347,0.06626098947785197,5.347548319773296,0.0689913489427477,0.0948631047962781,2.683928462615402,0.0747665180835397,False,False,True,False,False,True,True
ASC,asc_avg_CI,Complex Imagery,39,0.3578803831865237,2,75,0.7003441237150029,0.7003441237150029,0.009453259917463997,0.7408615957974689,0.6904368278255264,0.6904368278255264,0.3659398395151537,0.6947598234477675,False,False,True,False,False,True,True
ASC,asc_avg_EI,Elementary Imagery,39,15.170427615560708,2,75,2.9337012054583837e-06,1.613535663002111e-05,0.2880255259419771,26.49763112093433,1.7624325711997098e-06,9.693379141598403e-06,15.368791430749267,2.48231382250644e-06,True,True,True,True,True,True,True
ASC,asc_avg_AVS,Audio-Visual Synesthesia,39,21.770779339547875,2,75,3.5046820562260614e-08,3.855150261848668e-07,0.3673104956968488,35.70648835326028,1.7637400227366972e-08,1.940114025010367e-07,20.920527324223688,5.776235892054553e-08,True,True,True,True,True,True,True
ASC,asc_avg_CMP,Changed Meaning of Percepts,39,6.229469896601936,2,75,0.003141518076900642,0.008639174711476766,0.14245473158790808,11.987142194457192,0.0024947391677473,0.0068605327113051,6.364833662511814,0.0027816346295951,True,True,True,True,True,True,True
ASC3,asc3_avg_POSE,Positive Effects,39,7.558112473828936,2,75,0.0010225516078242907,0.001533827411736436,0.16774143564533264,14.32174473123746,0.0007763769731332,0.0011645654596998,7.721239689626198,0.0008857124940403,True,True,True,True,True,True,True
ASC3,asc3_avg_DISE,Distressing Effects,39,4.644594029130127,2,75,0.0125415795710965,0.0125415795710965,0.11020616371152628,9.107708045572965,0.0105265565165847,0.0105265565165847,4.71345625311363,0.0117575683284228,True,True,True,True,True,True,True
ASC3,asc3_avg_PERE,Perceptual Effects,39,19.626636600615747,2,75,1.3954779213251477e-07,4.1864337639754434e-07,0.34356366431704466,32.832505386480534,7.42184776204429e-08,2.2265543286132878e-07,19.366314851160105,1.595190257708784e-07,True,True,True,True,True,True,True
self,self_perceived_body_boundaries_scale,Perceived body boundaries,39,0.2960675811910171,2,75,0.7446023587290963,0.7446023587290963,0.007833290607680926,0.6134022955180853,0.7358704845926256,0.7358704845926256,0.2835820895522469,0.7538746416722091,False,False,True,False,False,True,True
self,self_spatial_frame_of_reference_continuum,Spatial frame of reference,39,10.98811034498856,2,75,6.529054815981343e-05,0.0001958716444794403,0.22661453017676167,20.04425958020761,4.440627409319902e-05,0.0001332188222795,10.75319148936171,7.720772224335686e-05,True,True,True,True,True,True,True
self,self_small_self_scale,Small Self,39,1.3226239971566869,2,75,0.2725770735520649,0.4088656103280973,0.034068382324016884,2.703654438988565,0.258767004291228,0.388150506436842,1.3451327433628195,0.2666355828081883,False,False,True,False,False,True,True
tracer_peak,tracer_peak_EU,Experience of Unity,39,6.357578042400318,2,75,0.0028151293698063418,0.010322141022623252,0.14495962445199287,12.215313865002829,0.0022257598133735,0.0081611193157031,6.424156024190565,0.0026439157504425,True,True,True,True,True,True,True
tracer_peak,tracer_peak_SE,Spiritual Experience,39,0.5050947389179481,2,75,0.6054862837583013,0.740038791260146,0.013290184970930262,1.0435846069013337,0.5934559410748719,0.72533503909151,0.483933917249114,0.6182401173079239,False,False,True,False,False,True,True
tracer_peak,tracer_peak_BS,Blissful State,39,0.30149568612731376,2,75,0.7406033048692124,0.8146636353561337,0.007975760764354068,0.6246035080306456,0.7317606831851426,0.804936751503657,0.3329972098542066,0.7178126790318938,False,False,True,False,False,True,True
tracer_peak,tracer_peak_IS,Insightfulness,39,2.7782153484596814,2,75,0.06855502712464774,0.15082105967422504,0.06897563172609449,5.574646561862323,0.0615858414820977,0.1354888512606149,2.641133256944865,0.0778172554672537,False,False,True,False,False,True,True
tracer_peak,tracer_peak_DIS,Disembodiment,39,3.455307765970937,2,75,0.036689371301769885,0.10089577107986719,0.08436776463054424,6.874957806438147,0.0321456254889412,0.0884004700945883,3.520991012931375,0.0344828909451617,True,True,True,False,False,True,True
tracer_peak,tracer_peak_ICC,Impaired Control and Cognition,39,2.015983827382796,2,75,0.14034358839583871,0.2221555175539695,0.05101692105627926,4.084416248994216,0.1297419080613041,0.2054336594332806,2.01078411592464,0.1409445517319958,False,False,True,False,False,True,True
tracer_peak,tracer_peak_ANX,Anxiety,39,2.008293265263915,2,75,0.14137169298888969,0.2221555175539695,0.05083219494651333,4.069234492100691,0.1307305105484512,0.2054336594332806,2.0541428003527225,0.1352614012029501,False,False,True,False,False,True,True
tracer_peak,tracer_peak_CI,Complex Imagery,39,0.1395313772345106,2,75,0.8699909822419446,0.8699909822419446,0.0037070434229397246,0.2896866598811698,0.8651578268215584,0.8651578268215584,0.147144472527416,0.8634145727018375,False,False,True,False,False,True,True
tracer_peak,tracer_peak_EI,Elementary Imagery,39,29.47737077641737,2,75,3.579884147986076e-10,3.937872562784684e-09,0.44010940463486076,45.24108261498566,1.4997667896400972e-10,1.649743468604107e-09,28.21379087290893,6.85070811318207e-10,True,True,True,True,True,True,True
tracer_peak,tracer_peak_AVS,Audio-Visual Synesthesia,39,9.602339157331114,2,75,0.00019367774430816936,0.0010652275936949315,0.2038611952000389,17.78257497513232,0.0001375824082627,0.0007567032454448,9.789499021413365,0.0001648703326242,True,True,True,True,True,True,True
tracer_peak,tracer_peak_CMP,Changed Meaning of Percepts,39,1.828641455450018,2,75,0.16772087321269305,0.23061620066745295,0.046496430788778534,3.713744632670114,0.1561602873318999,0.2147203950813624,1.8476888767636943,0.164610461767975,False,False,True,False,False,True,True
tracer_auc,tracer_auc_EU,Experience of Unity,39,8.629731836132018,2,75,0.00042353340192723723,0.0015529558070665366,0.18707526561801105,16.15510660566804,0.0003104296343158,0.0011382419924913,8.497011008709439,0.0004673317748454,True,True,True,True,True,True,True
tracer_auc,tracer_auc_SE,Spiritual Experience,39,0.6868835987234454,2,75,0.5062783868171618,0.6187846949987532,0.017987422224378827,1.4157906630240973,0.4926800351757789,0.6021644874370632,0.5538400737324509,0.57704049733093,False,False,True,False,False,True,True
tracer_auc,tracer_auc_BS,Blissful State,39,0.10687145652374218,2,75,0.8987777821230692,0.8987777821230692,0.002841806626942986,0.2219764736087199,0.8949492763305382,0.8949492763305382,0.1494945072085118,0.8613957712371695,False,False,True,False,False,True,True
tracer_auc,tracer_auc_IS,Insightfulness,39,2.8538790456220453,2,75,0.06389608398626007,0.11808528788881541,0.07072130642993688,5.721034177204558,0.0572391548972263,0.105816637602859,2.5761805988843665,0.0826936967264527,False,False,True,False,False,True,True
tracer_auc,tracer_auc_DIS,Disembodiment,39,3.5636413345413733,2,75,0.03322904544487247,0.09137987497339929,0.08678337377605518,7.081008306957301,0.028998703598971,0.0797464348971703,3.5787388294272278,0.032708965631904,True,True,True,False,False,True,True
tracer_auc,tracer_auc_ICC,Impaired Control and Cognition,39,2.8452568675270165,2,75,0.06441015703026295,0.11808528788881541,0.07052271043581083,5.7043666405321005,0.0577181659651958,0.105816637602859,2.7544707512362767,0.0700030368770208,False,False,True,False,False,True,True
tracer_auc,tracer_auc_ANX,Anxiety,39,1.7265107406181799,2,75,0.18489901154668453,0.2542361408766912,0.04401387500495721,3.51092661187829,0.1728271518940525,0.2376373338543222,1.779014829675582,0.1757615167751884,False,False,True,False,False,True,True
tracer_auc,tracer_auc_CI,Complex Imagery,39,0.20103483085016768,2,75,0.8183232229752428,0.8987777821230692,0.0053323425139955045,0.4170355952138607,0.8117865867153927,0.892965245386932,0.2032666280115845,0.8165028223047107,False,False,True,False,False,True,True
tracer_auc,tracer_auc_EI,Elementary Imagery,39,31.011712670586746,2,75,1.5310579563499906e-10,1.6841637519849897e-09,0.452648335032801,47.007775274268,6.199994381249183e-11,6.819993819374101e-10,31.016370682667837,1.4177387261046294e-10,True,True,True,True,True,True,True
tracer_auc,tracer_auc_AVS,Audio-Visual Synesthesia,39,9.939956912336994,2,75,0.00014817052453997175,0.0008149378849698446,0.20952710666885238,18.33966524577249,0.0001041339379103,0.000572736658507,10.101388239742636,0.0001287619273532,True,True,True,True,True,True,True
tracer_auc,tracer_auc_CMP,Changed Meaning of Percepts,39,1.8039803087512363,2,75,0.1717127453616251,0.2542361408766912,0.04589815826743559,3.66481914951936,0.1600275046019822,0.2376373338543222,1.7808536454845372,0.1754530558301726,False,False,True,False,False,True,True
